Formal Date,Informal Date 1,Informal Date 2,Informal Date 3,Informal Date 4,Informal Date 5,Informal Date 6,Informal Date 7,Informal Date 8,Informal Date 9
1400/01/01,اول فروردین هزار و چهارصد,یک فروردین هزار و چهارصد,یک فروردین ۱۴۰۰,فروردین یک ۱۴۰۰,اول فروردین ۱۴۰۰,یکِ فروردین ۱۴۰۰,یکم فروردین ۱۴۰۰,اول فروردین ماه ۱۴۰۰,فروردینِ یک ۱۴۰۰
1400/02/10,دهم اردیبهشت هزار و چهارصد,ده اردیبهشت هزار و چهارصد,ده اردیبهشت ۱۴۰۰,اردیبهشت ده ۱۴۰۰,دهم اردیبهشت ۱۴۰۰,دهِ اردیبهشت ۱۴۰۰,دهم اردیبهشت ماه ۱۴۰۰,اردیبهشتِ ده ۱۴۰۰,ده اردیبهشت ۱۴۰۰
1401/03/05,پنجم خرداد هزار و چهارصد و یک,پنج خرداد هزار و چهارصد و یک,پنج خرداد ۱۴۰۱,خرداد پنج ۱۴۰۱,پنجم خرداد ۱۴۰۱,پنجِ خرداد ۱۴۰۱,پنجم خرداد ماه ۱۴۰۱,خردادِ پنج ۱۴۰۱,پنج خرداد ۱۴۰۱
1401/04/15,پانزدهم تیر هزار و چهارصد و یک,پانزده تیر هزار و چهارصد و یک,پانزده تیر ۱۴۰۱,تیر پانزده ۱۴۰۱,پانزدهم تیر ۱۴۰۱,پانزدهِ تیر ۱۴۰۱,پانزدهم تیر ماه ۱۴۰۱,تیرِ پانزده ۱۴۰۱,پانزده تیر ۱۴۰۱
1402/05/20,بیستم مرداد هزار و چهارصد و دو,بیست مرداد هزار و چهارصد و دو,بیست مرداد ۱۴۰۲,مرداد بیست ۱۴۰۲,بیستم مرداد ۱۴۰۲,بیستِ مرداد ۱۴۰۲,بیستم مرداد ماه ۱۴۰۲,مردادِ بیست ۱۴۰۲,بیست مرداد ۱۴۰۲
1403/06/30,سی‌ام شهریور هزار و چهارصد و سه,سی‌ شهریور هزار و چهارصد و سه,سی‌ شهریور ۱۴۰۳,شهریور سی ۱۴۰۳,سی‌ام شهریور ۱۴۰۳,سیِ شهریور ۱۴۰۳,سی‌ام شهریور ماه ۱۴۰۳,شهریورِ سی ۱۴۰۳,سی‌ شهریور ۱۴۰۳
1404/07/22,بیست و دوم مهر هزار و چهارصد و چهار,بیست و دو مهر هزار و چهارصد و چهار,بیست و دو مهر ۱۴۰۴,مهر بیست و دو ۱۴۰۴,بیست و دوم مهر ۱۴۰۴,بیست و دوِ مهر ۱۴۰۴,بیست و دوم مهر ماه ۱۴۰۴,مهرِ بیست و دو ۱۴۰۴,بیست و دو مهر ۱۴۰۴
1404/08/11,یازدهم آبان هزار و چهارصد و چهار,یازده آبان هزار و چهارصد و چهار,یازده آبان ۱۴۰۴,آبان یازده ۱۴۰۴,یازدهم آبان ۱۴۰۴,یازدهِ آبان ۱۴۰۴,یازدهم آبان ماه ۱۴۰۴,آبانِ یازده ۱۴۰۴,یازده آبان ۱۴۰۴
1405/09/01,اول آذر هزار و چهارصد و پنج,یک آذر هزار و چهارصد و پنج,یک آذر ۱۴۰۵,آذر یک ۱۴۰۵,اول آذر ۱۴۰۵,یکِ آذر ۱۴۰۵,یکم آذر ۱۴۰۵,اول آذر ماه ۱۴۰۵,آذرِ یک ۱۴۰۵
1405/10/10,دهم دی هزار و چهارصد و پنج,ده دی هزار و چهارصد و پنج,ده دی ۱۴۰۵,دی ده ۱۴۰۵,دهم دی ۱۴۰۵,دهِ دی ۱۴۰۵,دهم دی ماه ۱۴۰۵,دیِ ده ۱۴۰۵,ده دی ۱۴۰۵
1406/11/25,بیست و پنجم بهمن هزار و چهارصد و شش,بیست و پنج بهمن هزار و چهارصد و شش,بیست و پنج بهمن ۱۴۰۶,بهمن بیست و پنج ۱۴۰۶,بیست و پنجم بهمن ۱۴۰۶,بیست و پنجِ بهمن ۱۴۰۶,بیست و پنجم بهمن ماه ۱۴۰۶,بهمنِ بیست و پنج ۱۴۰۶,بیست و پنج بهمن ۱۴۰۶
1407/12/31,سی و یکم اسفند هزار و چهارصد و هفت,سی و یک اسفند هزار و چهارصد و هفت,سی و یک اسفند ۱۴۰۷,اسفند سی و یک ۱۴۰۷,سی و یکم اسفند ۱۴۰۷,سی و یکِ اسفند ۱۴۰۷,سی و یکم اسفند ماه ۱۴۰۷,اسفندِ سی و یک ۱۴۰۷,سی و یک اسفند ۱۴۰۷
1408/01/05,پنجم فروردین هزار و چهارصد و هشت,پنج فروردین هزار و چهارصد و هشت,پنج فروردین ۱۴۰۸,فروردین پنج ۱۴۰۸,پنجم فروردین ۱۴۰۸,پنجِ فروردین ۱۴۰۸,پنجم فروردین ماه ۱۴۰۸,فروردینِ پنج ۱۴۰۸,پنج فروردین ۱۴۰۸
1408/02/15,پانزدهم اردیبهشت هزار و چهارصد و هشت,پانزده اردیبهشت هزار و چهارصد و هشت,پانزده اردیبهشت ۱۴۰۸,اردیبهشت پانزده ۱۴۰۸,پانزدهم اردیبهشت ۱۴۰۸,پانزدهِ اردیبهشت ۱۴۰۸,پانزدهم اردیبهشت ماه ۱۴۰۸,اردیبهشتِ پانزده ۱۴۰۸,پانزده اردیبهشت ۱۴۰۸
1408/03/20,بیستم خرداد هزار و چهارصد و هشت,بیست خرداد هزار و چهارصد و هشت,بیست خرداد ۱۴۰۸,خرداد بیست ۱۴۰۸,بیستم خرداد ۱۴۰۸,بیستِ خرداد ۱۴۰۸,بیستم خرداد ماه ۱۴۰۸,خردادِ بیست ۱۴۰۸,بیست خرداد ۱۴۰۸
1409/04/01,اول تیر هزار و چهارصد و نه,یک تیر هزار و چهارصد و نه,یک تیر ۱۴۰۹,تیر یک ۱۴۰۹,اول تیر ۱۴۰۹,یکِ تیر ۱۴۰۹,یکم تیر ۱۴۰۹,اول تیر ماه ۱۴۰۹,تیرِ یک ۱۴۰۹
1409/05/10,دهم مرداد هزار و چهارصد و نه,ده مرداد هزار و چهارصد و نه,ده مرداد ۱۴۰۹,مرداد ده ۱۴۰۹,دهم مرداد ۱۴۰۹,دهِ مرداد ۱۴۰۹,دهم مرداد ماه ۱۴۰۹,مردادِ ده ۱۴۰۹,ده مرداد ۱۴۰۹
1409/06/20,بیستم شهریور هزار و چهارصد و نه,بیست شهریور هزار و چهارصد و نه,بیست شهریور ۱۴۰۹,شهریور بیست ۱۴۰۹,بیستم شهریور ۱۴۰۹,بیستِ شهریور ۱۴۰۹,بیستم شهریور ماه ۱۴۰۹,شهریورِ بیست ۱۴۰۹,بیست شهریور ۱۴۰۹
1410/07/30,سی‌ام مهر هزار و چهارصد و ده,سی‌ مهر هزار و چهارصد و ده,سی‌ مهر ۱۴۱۰,مهر سی ۱۴۱۰,سی‌ام مهر ۱۴۱۰,سیِ مهر ۱۴۱۰,سی‌ام مهر ماه ۱۴۱۰,مهرِ سی ۱۴۱۰,سی‌ مهر ۱۴۱۰
1410/08/11,یازدهم آبان هزار و چهارصد و ده,یازده آبان هزار و چهارصد و ده,یازده آبان ۱۴۱۰,آبان یازده ۱۴۱۰,یازدهم آبان ۱۴۱۰,یازدهِ آبان ۱۴۱۰,یازدهم آبان ماه ۱۴۱۰,آبانِ یازده ۱۴۱۰,یازده آبان ۱۴۱۰
1411/09/01,اول آذر هزار و چهارصد و یازده,یک آذر هزار و چهارصد و یازده,یک آذر ۱۴۱۱,آذر یک ۱۴۱۱,اول آذر ۱۴۱۱,یکِ آذر ۱۴۱۱,یکم آذر ۱۴۱۱,اول آذر ماه ۱۴۱۱,آذرِ یک ۱۴۱۱
1411/10/10,دهم دی هزار و چهارصد و یازده,ده دی هزار و چهارصد و یازده,ده دی ۱۴۱۱,دی ده ۱۴۱۱,دهم دی ۱۴۱۱,دهِ دی ۱۴۱۱,دهم دی ماه ۱۴۱۱,دیِ ده ۱۴۱۱,ده دی ۱۴۱۱
1412/11/25,بیست و پنجم بهمن هزار و چهارصد و دوازده,بیست و پنج بهمن هزار و چهارصد و دوازده,بیست و پنج بهمن ۱۴۱۲,بهمن بیست و پنج ۱۴۱۲,بیست و پنجم بهمن ۱۴۱۲,بیست و پنجِ بهمن ۱۴۱۲,بیست و پنجم بهمن ماه ۱۴۱۲,بهمنِ بیست و پنج ۱۴۱۲,بیست و پنج بهمن ۱۴۱۲
1413/12/31,سی و یکم اسفند هزار و چهارصد و سیزده,سی و یک اسفند هزار و چهارصد و سیزده,سی و یک اسفند ۱۴۱۳,اسفند سی و یک ۱۴۱۳,سی و یکم اسفند ۱۴۱۳,سی و یکِ اسفند ۱۴۱۳,سی و یکم اسفند ماه ۱۴۱۳,اسفندِ سی و یک ۱۴۱۳,سی و یک اسفند ۱۴۱۳
1414/01/05,پنجم فروردین هزار و چهارصد و چهارده,پنج فروردین هزار و چهارصد و چهارده,پنج فروردین ۱۴۱۴,فروردین پنج ۱۴۱۴,پنجم فروردین ۱۴۱۴,پنجِ فروردین ۱۴۱۴,پنجم فروردین ماه ۱۴۱۴,فروردینِ پنج ۱۴۱۴,پنج فروردین ۱۴۱۴
1414/02/15,پانزدهم اردیبهشت هزار و چهارصد و چهارده,پانزده اردیبهشت هزار و چهارصد و چهارده,پانزده اردیبهشت ۱۴۱۴,اردیبهشت پانزده ۱۴۱۴,پانزدهم اردیبهشت ۱۴۱۴,پانزدهِ اردیبهشت ۱۴۱۴,پانزدهم اردیبهشت ماه ۱۴۱۴,اردیبهشتِ پانزده ۱۴۱۴,پانزده اردیبهشت ۱۴۱۴
1414/03/20,بیستم خرداد هزار و چهارصد و چهارده,بیست خرداد هزار و چهارصد و چهارده,بیست خرداد ۱۴۱۴,خرداد بیست ۱۴۱۴,بیستم خرداد ۱۴۱۴,بیستِ خرداد ۱۴۱۴,بیستم خرداد ماه ۱۴۱۴,خردادِ بیست ۱۴۱۴,بیست خرداد ۱۴۱۴
1415/04/01,اول تیر هزار و چهارصد و پانزده,یک تیر هزار و چهارصد و پانزده,یک تیر ۱۴۱۵,تیر یک ۱۴۱۵,اول تیر ۱۴۱۵,یکِ تیر ۱۴۱۵,یکم تیر ۱۴۱۵,اول تیر ماه ۱۴۱۵,تیرِ یک ۱۴۱۵
1415/05/10,دهم مرداد هزار و چهارصد و پانزده,ده مرداد هزار و چهارصد و پانزده,ده مرداد ۱۴۱۵,مرداد ده ۱۴۱۵,دهم مرداد ۱۴۱۵,دهِ مرداد ۱۴۱۵,دهم مرداد ماه ۱۴۱۵,مردادِ ده ۱۴۱۵,ده مرداد ۱۴۱۵
1415/06/20,بیستم شهریور هزار و چهارصد و پانزده,بیست شهریور هزار و چهارصد و پانزده,بیست شهریور ۱۴۱۵,شهریور بیست ۱۴۱۵,بیستم شهریور ۱۴۱۵,بیستِ شهریور ۱۴۱۵,بیستم شهریور ماه ۱۴۱۵,شهریورِ بیست ۱۴۱۵,بیست شهریور ۱۴۱۵
1416/07/30,سی‌ام مهر هزار و چهارصد و شانزده,سی‌ مهر هزار و چهارصد و شانزده,سی‌ مهر ۱۴۱۶,مهر سی ۱۴۱۶,سی‌ام مهر ۱۴۱۶,سیِ مهر ۱۴۱۶,سی‌ام مهر ماه ۱۴۱۶,مهرِ سی ۱۴۱۶,سی‌ مهر ۱۴۱۶
1416/08/11,یازدهم آبان هزار و چهارصد و شانزده,یازده آبان هزار و چهارصد و شانزده,یازده آبان ۱۴۱۶,آبان یازده ۱۴۱۶,یازدهم آبان ۱۴۱۶,یازدهِ آبان ۱۴۱۶,یازدهم آبان ماه ۱۴۱۶,آبانِ یازده ۱۴۱۶,یازده آبان ۱۴۱۶
1417/09/01,اول آذر هزار و چهارصد و هفده,یک آذر هزار و چهارصد و هفده,یک آذر ۱۴۱۷,آذر یک ۱۴۱۷,اول آذر ۱۴۱۷,یکِ آذر ۱۴۱۷,یکم آذر ۱۴۱۷,اول آذر ماه ۱۴۱۷,آذرِ یک ۱۴۱۷
1417/10/10,دهم دی هزار و چهارصد و هفده,ده دی هزار و چهارصد و هفده,ده دی ۱۴۱۷,دی ده ۱۴۱۷,دهم دی ۱۴۱۷,دهِ دی ۱۴۱۷,دهم دی ماه ۱۴۱۷,دیِ ده ۱۴۱۷,ده دی ۱۴۱۷
1418/11/25,بیست و پنجم بهمن هزار و چهارصد و هجده,بیست و پنج بهمن هزار و چهارصد و هجده,بیست و پنج بهمن ۱۴۱۸,بهمن بیست و پنج ۱۴۱۸,بیست و پنجم بهمن ۱۴۱۸,بیست و پنجِ بهمن ۱۴۱۸,بیست و پنجم بهمن ماه ۱۴۱۸,بهمنِ بیست و پنج ۱۴۱۸,بیست و پنج بهمن ۱۴۱۸
1419/12/31,سی و یکم اسفند هزار و چهارصد و نوزده,سی و یک اسفند هزار و چهارصد و نوزده,سی و یک اسفند ۱۴۱۹,اسفند سی و یک ۱۴۱۹,سی و یکم اسفند ۱۴۱۹,سی و یکِ اسفند ۱۴۱۹,سی و یکم اسفند ماه ۱۴۱۹,اسفندِ سی و یک ۱۴۱۹,سی و یک اسفند ۱۴۱۹
1420/01/05,پنجم فروردین هزار و چهارصد و بیست,پنج فروردین هزار و چهارصد و بیست,پنج فروردین ۱۴۲۰,فروردین پنج ۱۴۲۰,پنجم فروردین ۱۴۲۰,پنجِ فروردین ۱۴۲۰,پنجم فروردین ماه ۱۴۲۰,فروردینِ پنج ۱۴۲۰,پنج فروردین ۱۴۲۰
1420/02/15,پانزدهم اردیبهشت هزار و چهارصد و بیست,پانزده اردیبهشت هزار و چهارصد و بیست,پانزده اردیبهشت ۱۴۲۰,اردیبهشت پانزده ۱۴۲۰,پانزدهم اردیبهشت ۱۴۲۰,پانزدهِ اردیبهشت ۱۴۲۰,پانزدهم اردیبهشت ماه ۱۴۲۰,اردیبهشتِ پانزده ۱۴۲۰,پانزده اردیبهشت ۱۴۲۰
1420/03/20,بیستم خرداد هزار و چهارصد و بیست,بیست خرداد هزار و چهارصد و بیست,بیست خرداد ۱۴۲۰,خرداد بیست ۱۴۲۰,بیستم خرداد ۱۴۲۰,بیستِ خرداد ۱۴۲۰,بیستم خرداد ماه ۱۴۲۰,خردادِ بیست ۱۴۲۰,بیست خرداد ۱۴۲۰
1421/04/01,اول تیر هزار و چهارصد و بیست و یک,یک تیر هزار و چهارصد و بیست و یک,یک تیر ۱۴۲۱,تیر یک ۱۴۲۱,اول تیر ۱۴۲۱,یکِ تیر ۱۴۲۱,یکم تیر ۱۴۲۱,اول تیر ماه ۱۴۲۱,تیرِ یک ۱۴۲۱
1421/05/10,دهم مرداد هزار و چهارصد و بیست و یک,ده مرداد هزار و چهارصد و بیست و یک,ده مرداد ۱۴۲۱,مرداد ده ۱۴۲۱,دهم مرداد ۱۴۲۱,دهِ مرداد ۱۴۲۱,دهم مرداد ماه ۱۴۲۱,مردادِ ده ۱۴۲۱,ده مرداد ۱۴۲۱
1421/06/20,بیستم شهریور هزار و چهارصد و بیست و یک,بیست شهریور هزار و چهارصد و بیست و یک,بیست شهریور ۱۴۲۱,شهریور بیست ۱۴۲۱,بیستم شهریور ۱۴۲۱,بیستِ شهریور ۱۴۲۱,بیستم شهریور ماه ۱۴۲۱,شهریورِ بیست ۱۴۲۱,بیست شهریور ۱۴۲۱
1422/07/30,سی‌ام مهر هزار و چهارصد و بیست و دو,سی‌ مهر هزار و چهارصد و بیست و دو,سی‌ مهر ۱۴۲۲,مهر سی ۱۴۲۲,سی‌ام مهر ۱۴۲۲,سیِ مهر ۱۴۲۲,سی‌ام مهر ماه ۱۴۲۲,مهرِ سی ۱۴۲۲,سی‌ مهر ۱۴۲۲
1422/08/11,یازدهم آبان هزار و چهارصد و بیست و دو,یازده آبان هزار و چهارصد و بیست و دو,یازده آبان ۱۴۲۲,آبان یازده ۱۴۲۲,یازدهم آبان ۱۴۲۲,یازدهِ آبان ۱۴۲۲,یازدهم آبان ماه ۱۴۲۲,آبانِ یازده ۱۴۲۲,یازده آبان ۱۴۲۲
1423/09/01,اول آذر هزار و چهارصد و بیست و سه,یک آذر هزار و چهارصد و بیست و سه,یک آذر ۱۴۲۳,آذر یک ۱۴۲۳,اول آذر ۱۴۲۳,یکِ آذر ۱۴۲۳,یکم آذر ۱۴۲۳,اول آذر ماه ۱۴۲۳,آذرِ یک ۱۴۲۳
1423/10/10,دهم دی هزار و چهارصد و بیست و سه,ده دی هزار و چهارصد و بیست و سه,ده دی ۱۴۲۳,دی ده ۱۴۲۳,دهم دی ۱۴۲۳,دهِ دی ۱۴۲۳,دهم دی ماه ۱۴۲۳,دیِ ده ۱۴۲۳,ده دی ۱۴۲۳
1424/11/25,بیست و پنجم بهمن هزار و چهارصد و بیست و چهار,بیست و پنج بهمن هزار و چهارصد و بیست و چهار,بیست و پنج بهمن ۱۴۲۴,بهمن بیست و پنج ۱۴۲۴,بیست و پنجم بهمن ۱۴۲۴,بیست و پنجِ بهمن ۱۴۲۴,بیست و پنجم بهمن ماه ۱۴۲۴,بهمنِ بیست و پنج ۱۴۲۴,بیست و پنج بهمن ۱۴۲۴
1425/12/31,سی و یکم اسفند هزار و چهارصد و بیست و پنج,سی و یک اسفند هزار و چهارصد و بیست و پنج,سی و یک اسفند ۱۴۲۵,اسفند سی و یک ۱۴۲۵,سی و یکم اسفند ۱۴۲۵,سی و یکِ اسفند ۱۴۲۵,سی و یکم اسفند ماه ۱۴۲۵,اسفندِ سی و یک ۱۴۲۵,سی و یک اسفند ۱۴۲۵
1300/01/01,اول فروردین هزار و سیصد,یک فروردین هزار و سیصد,یک فروردین ۱۳۰۰,فروردین یک ۱۳۰۰,اول فروردین ۱۳۰۰,یکِ فروردین ۱۳۰۰,یکم فروردین ۱۳۰۰,اول فروردین ماه ۱۳۰۰,فروردینِ یک ۱۳۰۰
1301/02/15,پانزدهم اردیبهشت هزار و سیصد و یک,پانزده اردیبهشت هزار و سیصد و یک,پانزده اردیبهشت ۱۳۰۱,اردیبهشت پانزده ۱۳۰۱,پانزدهم اردیبهشت ۱۳۰۱,پانزدهِ اردیبهشت ۱۳۰۱,پانزدهم اردیبهشت ماه ۱۳۰۱,اردیبهشتِ پانزده ۱۳۰۱,پانزده اردیبهشت ۱۳۰۱
1302/03/20,بیستم خرداد هزار و سیصد و دو,بیست خرداد هزار و سیصد و دو,بیست خرداد ۱۳۰۲,خرداد بیست ۱۳۰۲,بیستم خرداد ۱۳۰۲,بیستِ خرداد ۱۳۰۲,بیستم خرداد ماه ۱۳۰۲,خردادِ بیست ۱۳۰۲,بیست خرداد ۱۳۰۲
1303/04/01,اول تیر هزار و سیصد و سه,یک تیر هزار و سیصد و سه,یک تیر ۱۳۰۳,تیر یک ۱۳۰۳,اول تیر ۱۳۰۳,یکِ تیر ۱۳۰۳,یکم تیر ۱۳۰۳,اول تیر ماه ۱۳۰۳,تیرِ یک ۱۳۰۳
1304/05/10,دهم مرداد هزار و سیصد و چهار,ده مرداد هزار و سیصد و چهار,ده مرداد ۱۳۰۴,مرداد ده ۱۳۰۴,دهم مرداد ۱۳۰۴,دهِ مرداد ۱۳۰۴,دهم مرداد ماه ۱۳۰۴,مردادِ ده ۱۳۰۴,ده مرداد ۱۳۰۴
1305/06/20,بیستم شهریور هزار و سیصد و پنج,بیست شهریور هزار و سیصد و پنج,بیست شهریور ۱۳۰۵,شهریور بیست ۱۳۰۵,بیستم شهریور ۱۳۰۵,بیستِ شهریور ۱۳۰۵,بیستم شهریور ماه ۱۳۰۵,شهریورِ بیست ۱۳۰۵,بیست شهریور ۱۳۰۵
1306/07/30,سی‌ام مهر هزار و سیصد و شش,سی‌ مهر هزار و سیصد و شش,سی‌ مهر ۱۳۰۶,مهر سی ۱۳۰۶,سی‌ام مهر ۱۳۰۶,سیِ مهر ۱۳۰۶,سی‌ام مهر ماه ۱۳۰۶,مهرِ سی ۱۳۰۶,سی‌ مهر ۱۳۰۶
1307/08/11,یازدهم آبان هزار و سیصد و هفت,یازده آبان هزار و سیصد و هفت,یازده آبان ۱۳۰۷,آبان یازده ۱۳۰۷,یازدهم آبان ۱۳۰۷,یازدهِ آبان ۱۳۰۷,یازدهم آبان ماه ۱۳۰۷,آبانِ یازده ۱۳۰۷,یازده آبان ۱۳۰۷
1308/09/01,اول آذر هزار و سیصد و هشت,یک آذر هزار و سیصد و هشت,یک آذر ۱۳۰۸,آذر یک ۱۳۰۸,اول آذر ۱۳۰۸,یکِ آذر ۱۳۰۸,یکم آذر ۱۳۰۸,اول آذر ماه ۱۳۰۸,آذرِ یک ۱۳۰۸
1309/10/10,دهم دی هزار و سیصد و نه,ده دی هزار و سیصد و نه,ده دی ۱۳۰۹,دی ده ۱۳۰۹,دهم دی ۱۳۰۹,دهِ دی ۱۳۰۹,دهم دی ماه ۱۳۰۹,دیِ ده ۱۳۰۹,ده دی ۱۳۰۹
1310/11/25,بیست و پنجم بهمن هزار و سیصد و ده,بیست و پنج بهمن هزار و سیصد و ده,بیست و پنج بهمن ۱۳۱۰,بهمن بیست و پنج ۱۳۱۰,بیست و پنجم بهمن ۱۳۱۰,بیست و پنجِ بهمن ۱۳۱۰,بیست و پنجم بهمن ماه ۱۳۱۰,بهمنِ بیست و پنج ۱۳۱۰,بیست و پنج بهمن ۱۳۱۰
1311/12/31,سی و یکم اسفند هزار و سیصد و یازده,سی و یک اسفند هزار و سیصد و یازده,سی و یک اسفند ۱۳۱۱,اسفند سی و یک ۱۳۱۱,سی و یکم اسفند ۱۳۱۱,سی و یکِ اسفند ۱۳۱۱,سی و یکم اسفند ماه ۱۳۱۱,اسفندِ سی و یک ۱۳۱۱,سی و یک اسفند ۱۳۱۱
1312/01/05,پنجم فروردین هزار و سیصد و دوازده,پنج فروردین هزار و سیصد و دوازده,پنج فروردین ۱۳۱۲,فروردین پنج ۱۳۱۲,پنجم فروردین ۱۳۱۲,پنجِ فروردین ۱۳۱۲,پنجم فروردین ماه ۱۳۱۲,فروردینِ پنج ۱۳۱۲,پنج فروردین ۱۳۱۲
1313/02/15,پانزدهم اردیبهشت هزار و سیصد و سیزده,پانزده اردیبهشت هزار و سیصد و سیزده,پانزده اردیبهشت ۱۳۱۳,اردیبهشت پانزده ۱۳۱۳,پانزدهم اردیبهشت ۱۳۱۳,پانزدهِ اردیبهشت ۱۳۱۳,پانزدهم اردیبهشت ماه ۱۳۱۳,اردیبهشتِ پانزده ۱۳۱۳,پانزده اردیبهشت ۱۳۱۳
1314/03/20,بیستم خرداد هزار و سیصد و چهارده,بیست خرداد هزار و سیصد و چهارده,بیست خرداد ۱۳۱۴,خرداد بیست ۱۳۱۴,بیستم خرداد ۱۳۱۴,بیستِ خرداد ۱۳۱۴,بیستم خرداد ماه ۱۳۱۴,خردادِ بیست ۱۳۱۴,بیست خرداد ۱۳۱۴
1315/04/01,اول تیر هزار و سیصد و پانزده,یک تیر هزار و سیصد و پانزده,یک تیر ۱۳۱۵,تیر یک ۱۳۱۵,اول تیر ۱۳۱۵,یکِ تیر ۱۳۱۵,یکم تیر ۱۳۱۵,اول تیر ماه ۱۳۱۵,تیرِ یک ۱۳۱۵
1316/05/10,دهم مرداد هزار و سیصد و شانزده,ده مرداد هزار و سیصد و شانزده,ده مرداد ۱۳۱۶,مرداد ده ۱۳۱۶,دهم مرداد ۱۳۱۶,دهِ مرداد ۱۳۱۶,دهم مرداد ماه ۱۳۱۶,مردادِ ده ۱۳۱۶,ده مرداد ۱۳۱۶
1317/06/20,بیستم شهریور هزار و سیصد و هفده,بیست شهریور هزار و سیصد و هفده,بیست شهریور ۱۳۱۷,شهریور بیست ۱۳۱۷,بیستم شهریور ۱۳۱۷,بیستِ شهریور ۱۳۱۷,بیستم شهریور ماه ۱۳۱۷,شهریورِ بیست ۱۳۱۷,بیست شهریور ۱۳۱۷
1318/07/30,سی‌ام مهر هزار و سیصد و هجده,سی‌ مهر هزار و سیصد و هجده,سی‌ مهر ۱۳۱۸,مهر سی ۱۳۱۸,سی‌ام مهر ۱۳۱۸,سیِ مهر ۱۳۱۸,سی‌ام مهر ماه ۱۳۱۸,مهرِ سی ۱۳۱۸,سی‌ مهر ۱۳۱۸
1319/08/11,یازدهم آبان هزار و سیصد و نوزده,یازده آبان هزار و سیصد و نوزده,یازده آبان ۱۳۱۹,آبان یازده ۱۳۱۹,یازدهم آبان ۱۳۱۹,یازدهِ آبان ۱۳۱۹,یازدهم آبان ماه ۱۳۱۹,آبانِ یازده ۱۳۱۹,یازده آبان ۱۳۱۹
1320/09/01,اول آذر هزار و سیصد و بیستم,یک آذر هزار و سیصد و بیستم,یک آذر ۱۳۲۰,آذر یک ۱۳۲۰,اول آذر ۱۳۲۰,یکِ آذر ۱۳۲۰,یکم آذر ۱۳۲۰,اول آذر ماه ۱۳۲۰,آذرِ یک ۱۳۲۰
1321/10/10,دهم دی هزار و سیصد و بیست و یک,ده دی هزار و سیصد و بیست و یک,ده دی ۱۳۲۱,دی ده ۱۳۲۱,دهم دی ۱۳۲۱,دهِ دی ۱۳۲۱,دهم دی ماه ۱۳۲۱,دیِ ده ۱۳۲۱,ده دی ۱۳۲۱
1322/11/25,بیست و پنجم بهمن هزار و سیصد و بیست و دو,بیست و پنج بهمن هزار و سیصد و بیست و دو,بیست و پنج بهمن ۱۳۲۲,بهمن بیست و پنج ۱۳۲۲,بیست و پنجم بهمن ۱۳۲۲,بیست و پنجِ بهمن ۱۳۲۲,بیست و پنجم بهمن ماه ۱۳۲۲,بهمنِ بیست و پنج ۱۳۲۲,بیست و پنج بهمن ۱۳۲۲
1323/12/31,سی و یکم اسفند هزار و سیصد و بیست و سه,سی و یک اسفند هزار و سیصد و بیست و سه,سی و یک اسفند ۱۳۲۳,اسفند سی و یک ۱۳۲۳,سی و یکم اسفند ۱۳۲۳,سی و یکِ اسفند ۱۳۲۳,سی و یکم اسفند ماه ۱۳۲۳,اسفندِ سی و یک ۱۳۲۳,سی و یک اسفند ۱۳۲۳
1324/01/05,پنجم فروردین هزار و سیصد و بیست و چهار,پنج فروردین هزار و سیصد و بیست و چهار,پنج فروردین ۱۳۲۴,فروردین پنج ۱۳۲۴,پنجم فروردین ۱۳۲۴,پنجِ فروردین ۱۳۲۴,پنجم فروردین ماه ۱۳۲۴,فروردینِ پنج ۱۳۲۴,پنج فروردین ۱۳۲۴
1325/02/15,پانزدهم اردیبهشت هزار و سیصد و بیست و پنج,پانزده اردیبهشت هزار و سیصد و بیست و پنج,پانزده اردیبهشت ۱۳۲۵,اردیبهشت پانزده ۱۳۲۵,پانزدهم اردیبهشت ۱۳۲۵,پانزدهِ اردیبهشت ۱۳۲۵,پانزدهم اردیبهشت ماه ۱۳۲۵,اردیبهشتِ پانزده ۱۳۲۵,پانزده اردیبهشت ۱۳۲۵
1326/03/20,بیستم خرداد هزار و سیصد و شش,بیست خرداد هزار و سیصد و شش,بیست خرداد ۱۳۲۶,خرداد بیست ۱۳۲۶,بیستم خرداد ۱۳۲۶,بیستِ خرداد ۱۳۲۶,بیستم خرداد ماه ۱۳۲۶,خردادِ بیست ۱۳۲۶,بیست خرداد ۱۳۲۶
1327/04/01,اول تیر هزار و سیصد و هفت,یک تیر هزار و سیصد و هفت,یک تیر ۱۳۲۷,تیر یک ۱۳۲۷,اول تیر ۱۳۲۷,یکِ تیر ۱۳۲۷,یکم تیر ۱۳۲۷,اول تیر ماه ۱۳۲۷,تیرِ یک ۱۳۲۷
1328/05/10,دهم مرداد هزار و سیصد و هشت,ده مرداد هزار و سیصد و هشت,ده مرداد ۱۳۲۸,مرداد ده ۱۳۲۸,دهم مرداد ۱۳۲۸,دهِ مرداد ۱۳۲۸,دهم مرداد ماه ۱۳۲۸,مردادِ ده ۱۳۲۸,ده مرداد ۱۳۲۸
1329/06/20,بیستم شهریور هزار و سیصد و نه,بیست شهریور هزار و سیصد و نه,بیست شهریور ۱۳۲۹,شهریور بیست ۱۳۲۹,بیستم شهریور ۱۳۲۹,بیستِ شهریور ۱۳۲۹,بیستم شهریور ماه ۱۳۲۹,شهریورِ بیست ۱۳۲۹,بیست شهریور ۱۳۲۹
1330/07/30,سی‌ام مهر هزار و سیصد و ده,سی‌ مهر هزار و سیصد و ده,سی‌ مهر ۱۳۳۰,مهر سی ۱۳۳۰,سی‌ام مهر ۱۳۳۰,سیِ مهر ۱۳۳۰,سی‌ام مهر ماه ۱۳۳۰,مهرِ سی ۱۳۳۰,سی‌ مهر ۱۳۳۰
1331/08/11,یازدهم آبان هزار و سیصد و یازده,یازده آبان هزار و سیصد و یازده,یازده آبان ۱۳۳۱,آبان یازده ۱۳۳۱,یازدهم آبان ۱۳۳۱,یازدهِ آبان ۱۳۳۱,یازدهم آبان ماه ۱۳۳۱,آبانِ یازده ۱۳۳۱,یازده آبان ۱۳۳۱
1332/09/01,اول آذر هزار و سیصد و دوازده,یک آذر هزار و سیصد و دوازده,یک آذر ۱۳۳۲,آذر یک ۱۳۳۲,اول آذر ۱۳۳۲,یکِ آذر ۱۳۳۲,یکم آذر ۱۳۳۲,اول آذر ماه ۱۳۳۲,آذرِ یک ۱۳۳۲
1333/10/10,دهم دی هزار و سیصد و سیزده,ده دی هزار و سیصد و سیزده,ده دی ۱۳۳۳,دی ده ۱۳۳۳,دهم دی ۱۳۳۳,دهِ دی ۱۳۳۳,دهم دی ماه ۱۳۳۳,دیِ ده ۱۳۳۳,ده دی ۱۳۳۳
1334/11/25,بیست و پنجم بهمن هزار و سیصد و چهارده,بیست و پنج بهمن هزار و سیصد و چهارده,بیست و پنج بهمن ۱۳۳۴,بهمن بیست و پنج ۱۳۳۴,بیست و پنجم بهمن ۱۳۳۴,بیست و پنجِ بهمن ۱۳۳۴,بیست و پنجم بهمن ماه ۱۳۳۴,بهمنِ بیست و پنج ۱۳۳۴,بیست و پنج بهمن ۱۳۳۴
1335/12/31,سی و یکم اسفند هزار و سیصد و پانزده,سی و یک اسفند هزار و سیصد و پانزده,سی و یک اسفند ۱۳۳۵,اسفند سی و یک ۱۳۳۵,سی و یکم اسفند ۱۳۳۵,سی و یکِ اسفند ۱۳۳۵,سی و یکم اسفند ماه ۱۳۳۵,اسفندِ سی و یک ۱۳۳۵,سی و یک اسفند ۱۳۳۵
1336/01/05,پنجم فروردین هزار و سیصد و شانزده,پنج فروردین هزار و سیصد و شانزده,پنج فروردین ۱۳۳۶,فروردین پنج ۱۳۳۶,پنجم فروردین ۱۳۳۶,پنجِ فروردین ۱۳۳۶,پنجم فروردین ماه ۱۳۳۶,فروردینِ پنج ۱۳۳۶,پنج فروردین ۱۳۳۶
1337/02/15,پانزدهم اردیبهشت هزار و سیصد و هفده,پانزده اردیبهشت هزار و سیصد و هفده,پانزده اردیبهشت ۱۳۳۷,اردیبهشت پانزده ۱۳۳۷,پانزدهم اردیبهشت ۱۳۳۷,پانزدهِ اردیبهشت ۱۳۳۷,پانزدهم اردیبهشت ماه ۱۳۳۷,اردیبهشتِ پانزده ۱۳۳۷,پانزده اردیبهشت ۱۳۳۷
1338/03/20,بیستم خرداد هزار و سیصد و هجده,بیست خرداد هزار و سیصد و هجده,بیست خرداد ۱۳۳۸,خرداد بیست ۱۳۳۸,بیستم خرداد ۱۳۳۸,بیستِ خرداد ۱۳۳۸,بیستم خرداد ماه ۱۳۳۸,خردادِ بیست ۱۳۳۸,بیست خرداد ۱۳۳۸
1339/04/01,اول تیر هزار و سیصد و نوزده,یک تیر هزار و سیصد و نوزده,یک تیر ۱۳۳۹,تیر یک ۱۳۳۹,اول تیر ۱۳۳۹,یکِ تیر ۱۳۳۹,یکم تیر ۱۳۳۹,اول تیر ماه ۱۳۳۹,تیرِ یک ۱۳۳۹
1340/05/10,دهم مرداد هزار و سیصد و بیست,ده مرداد هزار و سیصد و بیست,ده مرداد ۱۳۴۰,مرداد ده ۱۳۴۰,دهم مرداد ۱۳۴۰,دهِ مرداد ۱۳۴۰,دهم مرداد ماه ۱۳۴۰,مردادِ ده ۱۳۴۰,ده مرداد ۱۳۴۰
1341/06/20,بیستم شهریور هزار و سیصد و بیست و یک,بیست شهریور هزار و سیصد و بیست و یک,بیست شهریور ۱۳۴۱,شهریور بیست ۱۳۴۱,بیستم شهریور ۱۳۴۱,بیستِ شهریور ۱۳۴۱,بیستم شهریور ماه ۱۳۴۱,شهریورِ بیست ۱۳۴۱,بیست شهریور ۱۳۴۱
1342/07/30,سی‌ام مهر هزار و سیصد و بیست و دو,سی‌ مهر هزار و سیصد و بیست و دو,سی‌ مهر ۱۳۴۲,مهر سی ۱۳۴۲,سی‌ام مهر ۱۳۴۲,سیِ مهر ۱۳۴۲,سی‌ام مهر ماه ۱۳۴۲,مهرِ سی ۱۳۴۲,سی‌ مهر ۱۳۴۲
1343/08/11,یازدهم آبان هزار و سیصد و بیست و سه,یازده آبان هزار و سیصد و بیست و سه,یازده آبان ۱۳۴۳,آبان یازده ۱۳۴۳,یازدهم آبان ۱۳۴۳,یازدهِ آبان ۱۳۴۳,یازدهم آبان ماه ۱۳۴۳,آبانِ یازده ۱۳۴۳,یازده آبان ۱۳۴۳
1344/09/01,اول آذر هزار و سیصد و بیست و چهار,یک آذر هزار و سیصد و بیست و چهار,یک آذر ۱۳۴۴,آذر یک ۱۳۴۴,اول آذر ۱۳۴۴,یکِ آذر ۱۳۴۴,یکم آذر ۱۳۴۴,اول آذر ماه ۱۳۴۴,آذرِ یک ۱۳۴۴
1345/10/10,دهم دی هزار و سیصد و بیست و پنج,ده دی هزار و سیصد و بیست و پنج,ده دی ۱۳۴۵,دی ده ۱۳۴۵,دهم دی ۱۳۴۵,دهِ دی ۱۳۴۵,دهم دی ماه ۱۳۴۵,دیِ ده ۱۳۴۵,ده دی ۱۳۴۵
1346/11/25,بیست و پنجم بهمن هزار و سیصد و بیست و شش,بیست و پنج بهمن هزار و سیصد و بیست و شش,بیست و پنج بهمن ۱۳۴۶,بهمن بیست و پنج ۱۳۴۶,بیست و پنجم بهمن ۱۳۴۶,بیست و پنجِ بهمن ۱۳۴۶,بیست و پنجم بهمن ماه ۱۳۴۶,بهمنِ بیست و پنج ۱۳۴۶,بیست و پنج بهمن ۱۳۴۶
1347/12/31,سی و یکم اسفند هزار و سیصد و بیست و هفت,سی و یک اسفند هزار و سیصد و بیست و هفت,سی و یک اسفند ۱۳۴۷,اسفند سی و یک ۱۳۴۷,سی و یکم اسفند ۱۳۴۷,سی و یکِ اسفند ۱۳۴۷,سی و یکم اسفند ماه ۱۳۴۷,اسفندِ سی و یک ۱۳۴۷,سی و یک اسفند ۱۳۴۷
1348/01/05,پنجم فروردین هزار و سیصد و بیست و هشت,پنج فروردین هزار و سیصد و بیست و هشت,پنج فروردین ۱۳۴۸,فروردین پنج ۱۳۴۸,پنجم فروردین ۱۳۴۸,پنجِ فروردین ۱۳۴۸,پنجم فروردین ماه ۱۳۴۸,فروردینِ پنج ۱۳۴۸,پنج فروردین ۱۳۴۸
1349/02/15,پانزدهم اردیبهشت هزار و سیصد و بیست و نه,پانزده اردیبهشت هزار و سیصد و بیست و نه,پانزده اردیبهشت ۱۳۴۹,اردیبهشت پانزده ۱۳۴۹,پانزدهم اردیبهشت ۱۳۴۹,پانزدهِ اردیبهشت ۱۳۴۹,پانزدهم اردیبهشت ماه ۱۳۴۹,اردیبهشتِ پانزده ۱۳۴۹,پانزده اردیبهشت ۱۳۴۹
1350/03/20,بیستم خرداد هزار و سیصد و سی,بیست خرداد هزار و سیصد و سی,بیست خرداد ۱۳۵۰,خرداد بیست ۱۳۵۰,بیستم خرداد ۱۳۵۰,بیستِ خرداد ۱۳۵۰,بیستم خرداد ماه ۱۳۵۰,خردادِ بیست ۱۳۵۰,بیست خرداد ۱۳۵۰
1351/04/01,اول تیر هزار و سیصد و سی و یک,یک تیر هزار و سیصد و سی و یک,یک تیر ۱۳۵۱,تیر یک ۱۳۵۱,اول تیر ۱۳۵۱,یکِ تیر ۱۳۵۱,یکم تیر ۱۳۵۱,اول تیر ماه ۱۳۵۱,تیرِ یک ۱۳۵۱
1352/05/10,دهم مرداد هزار و سیصد و سی و دو,ده مرداد هزار و سیصد و سی و دو,ده مرداد ۱۳۵۲,مرداد ده ۱۳۵۲,دهم مرداد ۱۳۵۲,دهِ مرداد ۱۳۵۲,دهم مرداد ماه ۱۳۵۲,مردادِ ده ۱۳۵۲,ده مرداد ۱۳۵۲
1353/06/20,بیستم شهریور هزار و سیصد و سی و سه,بیست شهریور هزار و سیصد و سی و سه,بیست شهریور ۱۳۵۳,شهریور بیست ۱۳۵۳,بیستم شهریور ۱۳۵۳,بیستِ شهریور ۱۳۵۳,بیستم شهریور ماه ۱۳۵۳,شهریورِ بیست ۱۳۵۳,بیست شهریور ۱۳۵۳
1354/07/30,سی‌ام مهر هزار و سیصد و سی و چهار,سی‌ مهر هزار و سیصد و سی و چهار,سی‌ مهر ۱۳۵۴,مهر سی ۱۳۵۴,سی‌ام مهر ۱۳۵۴,سیِ مهر ۱۳۵۴,سی‌ام مهر ماه ۱۳۵۴,مهرِ سی ۱۳۵۴,سی‌ مهر ۱۳۵۴
1355/08/11,یازدهم آبان هزار و سیصد و سی و پنج,یازده آبان هزار و سیصد و سی و پنج,یازده آبان ۱۳۵۵,آبان یازده ۱۳۵۵,یازدهم آبان ۱۳۵۵,یازدهِ آبان ۱۳۵۵,یازدهم آبان ماه ۱۳۵۵,آبانِ یازده ۱۳۵۵,یازده آبان ۱۳۵۵
1356/09/01,اول آذر هزار و سیصد و سی و شش,یک آذر هزار و سیصد و سی و شش,یک آذر ۱۳۵۶,آذر یک ۱۳۵۶,اول آذر ۱۳۵۶,یکِ آذر ۱۳۵۶,یکم آذر ۱۳۵۶,اول آذر ماه ۱۳۵۶,آذرِ یک ۱۳۵۶
1357/10/10,دهم دی هزار و سیصد و سی و هفت,ده دی هزار و سیصد و سی و هفت,ده دی ۱۳۵۷,دی ده ۱۳۵۷,دهم دی ۱۳۵۷,دهِ دی ۱۳۵۷,دهم دی ماه ۱۳۵۷,دیِ ده ۱۳۵۷,ده دی ۱۳۵۷
1358/11/25,بیست و پنجم بهمن هزار و سیصد و سی و هشت,بیست و پنج بهمن هزار و سیصد و سی و هشت,بیست و پنج بهمن ۱۳۵۸,بهمن بیست و پنج ۱۳۵۸,بیست و پنجم بهمن ۱۳۵۸,بیست و پنجِ بهمن ۱۳۵۸,بیست و پنجم بهمن ماه ۱۳۵۸,بهمنِ بیست و پنج ۱۳۵۸,بیست و پنج بهمن ۱۳۵۸
1359/12/31,سی و یکم اسفند هزار و سیصد و سی و نه,سی و یک اسفند هزار و سیصد و سی و نه,سی و یک اسفند ۱۳۵۹,اسفند سی و یک ۱۳۵۹,سی و یکم اسفند ۱۳۵۹,سی و یکِ اسفند ۱۳۵۹,سی و یکم اسفند ماه ۱۳۵۹,اسفندِ سی و یک ۱۳۵۹,سی و یک اسفند ۱۳۵۹
1360/01/05,پنجم فروردین هزار و سیصد و چهل,پنج فروردین هزار و سیصد و چهل,پنج فروردین ۱۳۶۰,فروردین پنج ۱۳۶۰,پنجم فروردین ۱۳۶۰,پنجِ فروردین ۱۳۶۰,پنجم فروردین ماه ۱۳۶۰,فروردینِ پنج ۱۳۶۰,پنج فروردین ۱۳۶۰
1361/02/15,پانزدهم اردیبهشت هزار و سیصد و چهل و یک,پانزده اردیبهشت هزار و سیصد و چهل و یک,پانزده اردیبهشت ۱۳۶۱,اردیبهشت پانزده ۱۳۶۱,پانزدهم اردیبهشت ۱۳۶۱,پانزدهِ اردیبهشت ۱۳۶۱,پانزدهم اردیبهشت ماه ۱۳۶۱,اردیبهشتِ پانزده ۱۳۶۱,پانزده اردیبهشت ۱۳۶۱
1362/03/20,بیستم خرداد هزار و سیصد و چهل و دو,بیست خرداد هزار و سیصد و چهل و دو,بیست خرداد ۱۳۶۲,خرداد بیست ۱۳۶۲,بیستم خرداد ۱۳۶۲,بیستِ خرداد ۱۳۶۲,بیستم خرداد ماه ۱۳۶۲,خردادِ بیست ۱۳۶۲,بیست خرداد ۱۳۶۲
1363/04/01,اول تیر هزار و سیصد و چهل و سه,یک تیر هزار و سیصد و چهل و سه,یک تیر ۱۳۶۳,تیر یک ۱۳۶۳,اول تیر ۱۳۶۳,یکِ تیر ۱۳۶۳,یکم تیر ۱۳۶۳,اول تیر ماه ۱۳۶۳,تیرِ یک ۱۳۶۳
1364/05/10,دهم مرداد هزار و سیصد و چهل و چهار,ده مرداد هزار و سیصد و چهل و چهار,ده مرداد ۱۳۶۴,مرداد ده ۱۳۶۴,دهم مرداد ۱۳۶۴,دهِ مرداد ۱۳۶۴,دهم مرداد ماه ۱۳۶۴,مردادِ ده ۱۳۶۴,ده مرداد ۱۳۶۴
1365/06/20,بیستم شهریور هزار و سیصد و چهل و پنج,بیست شهریور هزار و سیصد و چهل و پنج,بیست شهریور ۱۳۶۵,شهریور بیست ۱۳۶۵,بیستم شهریور ۱۳۶۵,بیستِ شهریور ۱۳۶۵,بیستم شهریور ماه ۱۳۶۵,شهریورِ بیست ۱۳۶۵,بیست شهریور ۱۳۶۵
1366/07/30,سی‌ام مهر هزار و سیصد و چهل و شش,سی‌ مهر هزار و سیصد و چهل و شش,سی‌ مهر ۱۳۶۶,مهر سی ۱۳۶۶,سی‌ام مهر ۱۳۶۶,سیِ مهر ۱۳۶۶,سی‌ام مهر ماه ۱۳۶۶,مهرِ سی ۱۳۶۶,سی‌ مهر ۱۳۶۶
1367/08/11,یازدهم آبان هزار و سیصد و چهل و هفت,یازده آبان هزار و سیصد و چهل و هفت,یازده آبان ۱۳۶۷,آبان یازده ۱۳۶۷,یازدهم آبان ۱۳۶۷,یازدهِ آبان ۱۳۶۷,یازدهم آبان ماه ۱۳۶۷,آبانِ یازده ۱۳۶۷,یازده آبان ۱۳۶۷
1368/09/01,اول آذر هزار و سیصد و چهل و هشت,یک آذر هزار و سیصد و چهل و هشت,یک آذر ۱۳۶۸,آذر یک ۱۳۶۸,اول آذر ۱۳۶۸,یکِ آذر ۱۳۶۸,یکم آذر ۱۳۶۸,اول آذر ماه ۱۳۶۸,آذرِ یک ۱۳۶۸
1369/10/10,دهم دی هزار و سیصد و چهل و نه,ده دی هزار و سیصد و چهل و نه,ده دی ۱۳۶۹,دی ده ۱۳۶۹,دهم دی ۱۳۶۹,دهِ دی ۱۳۶۹,دهم دی ماه ۱۳۶۹,دیِ ده ۱۳۶۹,ده دی ۱۳۶۹
1370/11/25,بیست و پنجم بهمن هزار و سیصد و پنجاه,بیست و پنج بهمن هزار و سیصد و پنجاه,بیست و پنج بهمن ۱۳۷۰,بهمن بیست و پنج ۱۳۷۰,بیست و پنجم بهمن ۱۳۷۰,بیست و پنجِ بهمن ۱۳۷۰,بیست و پنجم بهمن ماه ۱۳۷۰,بهمنِ بیست و پنج ۱۳۷۰,بیست و پنج بهمن ۱۳۷۰
1371/12/31,سی و یکم اسفند هزار و سیصد و پنجاه و یک,سی و یک اسفند هزار و سیصد و پنجاه و یک,سی و یک اسفند ۱۳۷۱,اسفند سی و یک ۱۳۷۱,سی و یکم اسفند ۱۳۷۱,سی و یکِ اسفند ۱۳۷۱,سی و یکم اسفند ماه ۱۳۷۱,اسفندِ سی و یک ۱۳۷۱,سی و یک اسفند ۱۳۷۱
1372/01/05,پنجم فروردین هزار و سیصد و پنجاه و دو,پنج فروردین هزار و سیصد و پنجاه و دو,پنج فروردین ۱۳۷۲,فروردین پنج ۱۳۷۲,پنجم فروردین ۱۳۷۲,پنجِ فروردین ۱۳۷۲,پنجم فروردین ماه ۱۳۷۲,فروردینِ پنج ۱۳۷۲,پنج فروردین ۱۳۷۲
1373/02/15,پانزدهم اردیبهشت هزار و سیصد و پنجاه و سه,پانزده اردیبهشت هزار و سیصد و پنجاه و سه,پانزده اردیبهشت ۱۳۷۳,اردیبهشت پانزده ۱۳۷۳,پانزدهم اردیبهشت ۱۳۷۳,پانزدهِ اردیبهشت ۱۳۷۳,پانزدهم اردیبهشت ماه ۱۳۷۳,اردیبهشتِ پانزده ۱۳۷۳,پانزده اردیبهشت ۱۳۷۳
1374/03/20,بیستم خرداد هزار و سیصد و پنجاه و چهار,بیست خرداد هزار و سیصد و پنجاه و چهار,بیست خرداد ۱۳۷۴,خرداد بیست ۱۳۷۴,بیستم خرداد ۱۳۷۴,بیستِ خرداد ۱۳۷۴,بیستم خرداد ماه ۱۳۷۴,خردادِ بیست ۱۳۷۴,بیست خرداد ۱۳۷۴
1375/04/01,اول تیر هزار و سیصد و پنجاه و پنج,یک تیر هزار و سیصد و پنجاه و پنج,یک تیر ۱۳۷۵,تیر یک ۱۳۷۵,اول تیر ۱۳۷۵,یکِ تیر ۱۳۷۵,یکم تیر ۱۳۷۵,اول تیر ماه ۱۳۷۵,تیرِ یک ۱۳۷۵
1376/05/10,دهم مرداد هزار و سیصد و پنجاه و شش,ده مرداد هزار و سیصد و پنجاه و شش,ده مرداد ۱۳۷۶,مرداد ده ۱۳۷۶,دهم مرداد ۱۳۷۶,دهِ مرداد ۱۳۷۶,دهم مرداد ماه ۱۳۷۶,مردادِ ده ۱۳۷۶,ده مرداد ۱۳۷۶
1377/06/20,بیستم شهریور هزار و سیصد و پنجاه و هفت,بیست شهریور هزار و سیصد و پنجاه و هفت,بیست شهریور ۱۳۷۷,شهریور بیست ۱۳۷۷,بیستم شهریور ۱۳۷۷,بیستِ شهریور ۱۳۷۷,بیستم شهریور ماه ۱۳۷۷,شهریورِ بیست ۱۳۷۷,بیست شهریور ۱۳۷۷
1378/07/30,سی‌ام مهر هزار و سیصد و پنجاه و هشت,سی‌ مهر هزار و سیصد و پنجاه و هشت,سی‌ مهر ۱۳۷۸,مهر سی ۱۳۷۸,سی‌ام مهر ۱۳۷۸,سیِ مهر ۱۳۷۸,سی‌ام مهر ماه ۱۳۷۸,مهرِ سی ۱۳۷۸,سی‌ مهر ۱۳۷۸
1379/08/11,یازدهم آبان هزار و سیصد و پنجاه و نه,یازده آبان هزار و سیصد و پنجاه و نه,یازده آبان ۱۳۷۹,آبان یازده ۱۳۷۹,یازدهم آبان ۱۳۷۹,یازدهِ آبان ۱۳۷۹,یازدهم آبان ماه ۱۳۷۹,آبانِ یازده ۱۳۷۹,یازده آبان ۱۳۷۹
1200/01/01,اول فروردین هزار و دویست,یک فروردین هزار و دویست,یک فروردین ۱۲۰۰,فروردین یک ۱۲۰۰,اول فروردین ۱۲۰۰,یکِ فروردین ۱۲۰۰,یکم فروردین ۱۲۰۰,اول فروردین ماه ۱۲۰۰,فروردینِ یک ۱۲۰۰
1210/02/10,دهم اردیبهشت هزار و سیصد,ده اردیبهشت هزار و سیصد,ده اردیبهشت ۱۲۱۰,اردیبهشت ده ۱۲۱۰,دهم اردیبهشت ۱۲۱۰,دهِ اردیبهشت ۱۲۱۰,دهم اردیبهشت ماه ۱۲۱۰,اردیبهشتِ ده ۱۲۱۰,ده اردیبهشت ۱۲۱۰
1225/03/15,پانزدهم خرداد هزار و دویست و بیست و پنج,پانزده خرداد هزار و دویست و بیست و پنج,پانزده خرداد ۱۲۲۵,خرداد پانزده ۱۲۲۵,پانزدهم خرداد ۱۲۲۵,پانزدهِ خرداد ۱۲۲۵,پانزدهم خرداد ماه ۱۲۲۵,خردادِ پانزده ۱۲۲۵,پانزده خرداد ۱۲۲۵
1235/04/20,بیستم تیر هزار و دویست و سی و پنج,بیست تیر هزار و دویست و سی و پنج,بیست تیر ۱۲۳۵,تیر بیست ۱۲۳۵,بیستم تیر ۱۲۳۵,بیستِ تیر ۱۲۳۵,بیستم تیر ماه ۱۲۳۵,تیرِ بیست ۱۲۳۵,بیست تیر ۱۲۳۵
1240/05/25,بیست و پنجم مرداد هزار و دویست و چهل,بیست و پنج مرداد هزار و دویست و چهل,بیست و پنج مرداد ۱۲۴۰,مرداد بیست و پنج ۱۲۴۰,بیست و پنجم مرداد ۱۲۴۰,بیست و پنجِ مرداد ۱۲۴۰,بیست و پنجم مرداد ماه ۱۲۴۰,مردادِ بیست و پنج ۱۲۴۰,بیست و پنج مرداد ۱۲۴۰
1250/06/30,سی‌ام شهریور هزار و دویست و پنجاه,سی‌ شهریور هزار و دویست و پنجاه,سی‌ شهریور ۱۲۵۰,شهریور سی ۱۲۵۰,سی‌ام شهریور ۱۲۵۰,سیِ شهریور ۱۲۵۰,سی‌ام شهریور ماه ۱۲۵۰,شهریورِ سی ۱۲۵۰,سی‌ شهریور ۱۲۵۰
1260/07/01,اول مهر هزار و دویست و شصت,یک مهر هزار و دویست و شصت,یک مهر ۱۲۶۰,مهر یک ۱۲۶۰,اول مهر ۱۲۶۰,یکِ مهر ۱۲۶۰,یکم مهر ۱۲۶۰,اول مهر ماه ۱۲۶۰,مهرِ یک ۱۲۶۰
1275/08/10,دهم آبان هزار و دویست و هفتاد و پنج,ده آبان هزار و دویست و هفتاد و پنج,ده آبان ۱۲۷۵,آبان ده ۱۲۷۵,دهم آبان ۱۲۷۵,دهِ آبان ۱۲۷۵,دهم آبان ماه ۱۲۷۵,آبانِ ده ۱۲۷۵,ده آبان ۱۲۷۵
1280/09/15,پانزدهم آذر هزار و دویست و هشتاد,پانزده آذر هزار و دویست و هشتاد,پانزده آذر ۱۲۸۰,آذر پانزده ۱۲۸۰,پانزدهم آذر ۱۲۸۰,پانزدهِ آذر ۱۲۸۰,پانزدهم آذر ماه ۱۲۸۰,آذرِ پانزده ۱۲۸۰,پانزده آذر ۱۲۸۰
1290/10/20,بیستم دی هزار و دویست و نود,بیست دی هزار و دویست و نود,بیست دی ۱۲۹۰,دی بیست ۱۲۹۰,بیستم دی ۱۲۹۰,بیستِ دی ۱۲۹۰,بیستم دی ماه ۱۲۹۰,دیِ بیست ۱۲۹۰,بیست دی ۱۲۹۰